full name,familyname ,address,country
alex,schers,1231 mc arthurs blvd,united states
alex,schers,1232 mc arthurs blvd,united states
alex,schers,1233 mc arthurs blvd,united states
alex,schers,1234 mc arthurs blvd,united states
alex,schers,1235 mc arthurs blvd,united states
alex,schers,1236 mc arthurs blvd,united states
alex,schers,1237 mc arthurs blvd,united states
alex,schers,1238 mc arthurs blvd,united states
alex,schers,1239 mc arthurs blvd,united states
alex,schers,1240 mc arthurs blvd,united states
alex,schers,1241 mc arthurs blvd,united states
alex,schers,1242 mc arthurs blvd,united states
alex,schers,1243 mc arthurs blvd,united states
alex,schers,1244 mc arthurs blvd,united states
alex,schers,1245 mc arthurs blvd,united states
alex,schers,1246 mc arthurs blvd,united states
alex,schers,1247 mc arthurs blvd,united states
alex,schers,1248 mc arthurs blvd,united states
alex,schers,1249 mc arthurs blvd,united states
alex,schers,1250 mc arthurs blvd,united states
alex,schers,1251 mc arthurs blvd,united states
alex,schers,1252 mc arthurs blvd,united states
alex,schers,1253 mc arthurs blvd,united states
